{"noiseMachineInfo":{"listNames":["Natural Noises","Composite Gens","Transports","Industrial","Atmospheres","Brainwaves","Synthetic Noises","Patternscapes","Soundscapes","Internet Radios","Magic Gens","Voices","Tonal Drones"],"noiseMachineCategories":[{"id":"NB","name":"Noise Blocker"},{"id":"HC","name":"Health Care"},{"id":"ST","name":"Sound Therapy"},{"id":"MN","name":"Meditation"},{"id":"EE","name":"Eerie"},{"id":"TN","name":"Tonal"},{"id":"MU","name":"Musical"},{"id":"CL","name":"Calibrated"},{"id":"HP","name":"Headphones"},{"id":"UFV","name":"Patron Favorite"},{"id":"CU","name":"Custom"}],"noiseMachines":[{"id":0,"name":"Distant Thunder","href":"./NoiseMachines/thunderNoiseGenerator.php","generatorType":"Natural Noises","categories":[{"id":"MN","name":"Meditation"},{"id":"UFV","name":"Patron Favorite"},{"id":"UFV","name":"Patron Favorite"}]},{"id":1,"name":"Rain on a Tent","href":"./NoiseMachines/campingRainNoiseGenerator.php","generatorType":"Natural Noises","categories":[{"id":"NB","name":"Noise Blocker"},{"id":"MN","name":"Meditation"},{"id":"CL","name":"Calibrated"},{"id":"UFV","name":"Patron Favorite"},{"id":"UFV","name":"Patron Favorite"}]},{"id":2,"name":"Fireplace","href":"./NoiseMachines/fireNoiseGenerator.php","generatorType":"Natural Noises","categories":[{"id":"NB","name":"Noise Blocker"},{"id":"MN","name":"Meditation"},{"id":"CL","name":"Calibrated"},{"id":"UFV","name":"Patron Favorite"},{"id":"UFV","name":"Patron Favorite"}]},{"id":3,"name":"Irish Coast","href":"./NoiseMachines/windSeaRainNoiseGenerator.php","generatorType":"Natural Noises","categories":[{"id":"NB","name":"Noise Blocker"},{"id":"MN","name":"Meditation"},{"id":"UFV","name":"Patron Favorite"},{"id":"UFV","name":"Patron Favorite"}]},{"id":4,"name":"Tin Roof Rain","href":"./NoiseMachines/tinRoofRainNoiseGenerator.php","generatorType":"Natural Noises","categories":[{"id":"NB","name":"Noise Blocker"},{"id":"MN","name":"Meditation"},{"id":"CL","name":"Calibrated"},{"id":"UFV","name":"Patron Favorite"},{"id":"UFV","name":"Patron Favorite"}]},{"id":5,"name":"Night Thunder","href":"./NoiseMachines/summerNightThunderNoiseGenerator.php","generatorType":"Natural Noises","categories":[{"id":"MN","name":"Meditation"},{"id":"UFV","name":"Patron Favorite"},{"id":"UFV","name":"Patron Favorite"}]},{"id":6,"name":"Rain Noise","href":"./NoiseMachines/rainNoiseGenerator.php","generatorType":"Natural Noises","categories":[{"id":"NB","name":"Noise Blocker"},{"id":"MN","name":"Meditation"},{"id":"CL","name":"Calibrated"},{"id":"UFV","name":"Patron Favorite"},{"id":"UFV","name":"Patron Favorite"}]},{"id":7,"name":"White Rain","href":"./NoiseMachines/whiteRainNoiseGenerator.php","generatorType":"Natural Noises","categories":[{"id":"NB","name":"Noise Blocker"},{"id":"MN","name":"Meditation"},{"id":"CL","name":"Calibrated"},{"id":"UFV","name":"Patron Favorite"},{"id":"UFV","name":"Patron Favorite"}]},{"id":8,"name":"Pebble Beach","href":"./NoiseMachines/pebbleBeachNoiseGenerator.php","generatorType":"Natural Noises","categories":[{"id":"NB","name":"Noise Blocker"},{"id":"MN","name":"Meditation"},{"id":"CL","name":"Calibrated"},{"id":"UFV","name":"Patron Favorite"},{"id":"UFV","name":"Patron Favorite"}]},{"id":9,"name":"Tropical Rain","href":"./NoiseMachines/tropicalRainNoiseGenerator.php","generatorType":"Natural Noises","categories":[{"id":"NB","name":"Noise Blocker"},{"id":"MN","name":"Meditation"},{"id":"CL","name":"Calibrated"},{"id":"UFV","name":"Patron Favorite"},{"id":"UFV","name":"Patron Favorite"}]},{"id":10,"name":"City Rain","href":"./NoiseMachines/customRainInTheCity.php","generatorType":"Composite Gens","categories":[{"id":"CU","name":"Custom"}]},{"id":11,"name":"Electric Sheep","href":"./NoiseMachines/customElectricSheep.php","generatorType":"Composite Gens","categories":[{"id":"CU","name":"Custom"},{"id":"MU","name":"Musical"}]},{"id":12,"name":"Bad Weather","href":"./NoiseMachines/customStormy.php","generatorType":"Composite Gens","categories":[{"id":"CU","name":"Custom"}]},{"id":13,"name":"Happy Place","href":"./NoiseMachines/customHappyPlace.php","generatorType":"Composite Gens","categories":[{"id":"CU","name":"Custom"},{"id":"MU","name":"Musical"}]},{"id":14,"name":"Drifting Away","href":"./NoiseMachines/customDriftingAway.php","generatorType":"Composite Gens","categories":[{"id":"CU","name":"Custom"},{"id":"MU","name":"Musical"}]},{"id":15,"name":"Lonesome Traveler","href":"./NoiseMachines/customLonesomeTraveler.php","generatorType":"Composite Gens","categories":[{"id":"CU","name":"Custom"},{"id":"MU","name":"Musical"}]},{"id":16,"name":"Imaginary Reality","href":"./NoiseMachines/customWillink.php","generatorType":"Composite Gens","categories":[{"id":"CU","name":"Custom"},{"id":"MU","name":"Musical"}]},{"id":17,"name":"Forest Breath","href":"./NoiseMachines/customForestBreath.php","generatorType":"Composite Gens","categories":[{"id":"CU","name":"Custom"}]},{"id":18,"name":"Name of the Rose","href":"./NoiseMachines/customTheNameOfTheRose.php","generatorType":"Composite Gens","categories":[{"id":"CU","name":"Custom"}]},{"id":19,"name":"Space Gazer","href":"./NoiseMachines/customSpaceGazer.php","generatorType":"Composite Gens","categories":[{"id":"CU","name":"Custom"},{"id":"MU","name":"Musical"}]},{"id":20,"name":"how to program your own","href":"/NoiseMachines/custom.php?c=0&l=3136413136313636353500&am=1&m=SPACESHIP0~TORLEY30~MASVIDAL0~SPACESHIP1~TORLEY31~SPACESHIP2~TORLEY32~TORLEY33~TORLEY34~TORLEY37&d=0&title=Deep%20Space","generatorType":"Composite Gens","categories":[]},{"id":21,"name":"by other users","href":"/NoiseMachines/customsMadeByVisitors.php","generatorType":"Composite Gens","categories":[]},{"id":22,"name":"Railroads","href":"./NoiseMachines/railroadNoiseGenerator.php","generatorType":"Transports","categories":[{"id":"NB","name":"Noise Blocker"},{"id":"MN","name":"Meditation"},{"id":"CL","name":"Calibrated"},{"id":"UFV","name":"Patron Favorite"},{"id":"UFV","name":"Patron Favorite"}]},{"id":23,"name":"Car Interior","href":"./NoiseMachines/carInteriorSoundscapeGenerator.php","generatorType":"Transports","categories":[{"id":"NB","name":"Noise Blocker"},{"id":"ST","name":"Sound Therapy"}]},{"id":24,"name":"Spaceship","href":"./NoiseMachines/spaceshipNoiseGenerator.php","generatorType":"Transports","categories":[{"id":"MN","name":"Meditation"},{"id":"ST","name":"Sound Therapy"},{"id":"TN","name":"Tonal"}]},{"id":25,"name":"Flying Fortress","href":"./NoiseMachines/propellerNoiseGenerator.php","generatorType":"Transports","categories":[{"id":"NB","name":"Noise Blocker"},{"id":"HP","name":"Headphones"}]},{"id":26,"name":"Sailboat","href":"./NoiseMachines/squeakingSailboatSoundscapeGenerator.php","generatorType":"Transports","categories":[{"id":"NB","name":"Noise Blocker"},{"id":"MN","name":"Meditation"}]},{"id":27,"name":"Aircraft Cabin","href":"./NoiseMachines/cabinNoiseGenerator.php","generatorType":"Transports","categories":[{"id":"NB","name":"Noise Blocker"},{"id":"HC","name":"Health Care"},{"id":"CL","name":"Calibrated"}]},{"id":28,"name":"Tanker At Sea","href":"./NoiseMachines/roughSeaTankerCabinSoundscapeGenerator.php","generatorType":"Transports","categories":[{"id":"NB","name":"Noise Blocker"}]},{"id":29,"name":"Ferryboat","href":"./NoiseMachines/ferryboatSoundscapeGenerator.php","generatorType":"Transports","categories":[{"id":"NB","name":"Noise Blocker"},{"id":"MN","name":"Meditation"}]},{"id":30,"name":"Airport Terminal","href":"./NoiseMachines/airportTerminalNoiseGenerator.php","generatorType":"Transports","categories":[{"id":"NB","name":"Noise Blocker"}]},{"id":31,"name":"Yacht","href":"./NoiseMachines/offshoreYachtSoundscapeGenerator.php","generatorType":"Transports","categories":[{"id":"NB","name":"Noise Blocker"}]},{"id":32,"name":"Data Center","href":"./NoiseMachines/dataCenterNoiseGenerator.php","generatorType":"Industrial","categories":[{"id":"NB","name":"Noise Blocker"},{"id":"HC","name":"Health Care"},{"id":"CL","name":"Calibrated"}]},{"id":33,"name":"Laundromat","href":"./NoiseMachines/laundromatNoiseGenerator.php","generatorType":"Industrial","categories":[{"id":"NB","name":"Noise Blocker"}]},{"id":34,"name":"Vinyl Noise","href":"./NoiseMachines/dustyScratchedVinylNoiseGenerator.php","generatorType":"Industrial","categories":[{"id":"NB","name":"Noise Blocker"},{"id":"MU","name":"Musical"}]},{"id":35,"name":"Fan Noise","href":"./NoiseMachines/fanNoiseGenerator.php","generatorType":"Industrial","categories":[{"id":"NB","name":"Noise Blocker"},{"id":"HC","name":"Health Care"},{"id":"CL","name":"Calibrated"}]},{"id":36,"name":"Polders Windmill","href":"./NoiseMachines/windmillSoundscapeGenerator.php","generatorType":"Industrial","categories":[{"id":"NB","name":"Noise Blocker"}]},{"id":37,"name":"Steel Mill","href":"./NoiseMachines/steelMillNoiseGenerator.php","generatorType":"Industrial","categories":[{"id":"NB","name":"Noise Blocker"}]},{"id":38,"name":"Fish Tank (US)","href":"./NoiseMachines/60HzFishTankNoiseGenerator.php","generatorType":"Industrial","categories":[{"id":"NB","name":"Noise Blocker"}]},{"id":39,"name":"Factory","href":"./NoiseMachines/industrialRevolutionNoiseGenerator.php","generatorType":"Industrial","categories":[{"id":"NB","name":"Noise Blocker"}]},{"id":40,"name":"Demolition Site","href":"./NoiseMachines/demolitionWorkNoiseGenerator.php","generatorType":"Industrial","categories":[{"id":"NB","name":"Noise Blocker"}]},{"id":41,"name":"Fireworks","href":"./NoiseMachines/fireworksNoiseGenerator.php","generatorType":"Industrial","categories":[{"id":"NB","name":"Noise Blocker"}]},{"id":42,"name":"Japanese Garden","href":"./NoiseMachines/japaneseGardenSoundscapeGenerator.php","generatorType":"Atmospheres","categories":[{"id":"NB","name":"Noise Blocker"},{"id":"MN","name":"Meditation"},{"id":"UFV","name":"Patron Favorite"},{"id":"UFV","name":"Patron Favorite"}]},{"id":43,"name":"Cafe Restaurant","href":"./NoiseMachines/cafeRestaurantNoiseGenerator.php","generatorType":"Atmospheres","categories":[{"id":"NB","name":"Noise Blocker"},{"id":"MN","name":"Meditation"},{"id":"UFV","name":"Patron Favorite"},{"id":"UFV","name":"Patron Favorite"}]},{"id":44,"name":"Primeval Forest","href":"./NoiseMachines/primevalEuropeanForestSoundscapeGenerator.php","generatorType":"Atmospheres","categories":[{"id":"NB","name":"Noise Blocker"},{"id":"MN","name":"Meditation"},{"id":"UFV","name":"Patron Favorite"},{"id":"UFV","name":"Patron Favorite"}]},{"id":45,"name":"Autumn Walk","href":"./NoiseMachines/autumnWalkSoundscapeGenerator.php","generatorType":"Atmospheres","categories":[{"id":"MN","name":"Meditation"},{"id":"HP","name":"Headphones"},{"id":"UFV","name":"Patron Favorite"},{"id":"UFV","name":"Patron Favorite"}]},{"id":46,"name":"Church","href":"./NoiseMachines/churchAtmosphereSoundGenerator.php","generatorType":"Atmospheres","categories":[{"id":"MN","name":"Meditation"},{"id":"HP","name":"Headphones"},{"id":"UFV","name":"Patron Favorite"},{"id":"UFV","name":"Patron Favorite"}]},{"id":47,"name":"Japanese Oase","href":"./NoiseMachines/japaneseSuikinkutsuSoundscapeGenerator.php","generatorType":"Atmospheres","categories":[{"id":"NB","name":"Noise Blocker"},{"id":"MN","name":"Meditation"},{"id":"MU","name":"Musical"}]},{"id":48,"name":"Healing Water","href":"./NoiseMachines/healingWaterSoundscapeGenerator.php","generatorType":"Atmospheres","categories":[{"id":"NB","name":"Noise Blocker"},{"id":"MN","name":"Meditation"}]},{"id":49,"name":"RPG Medieval Village","href":"./NoiseMachines/medievalVillageSoundscapeGenerator.php","generatorType":"Atmospheres","categories":[{"id":"NB","name":"Noise Blocker"}]},{"id":50,"name":"Rainy Riverbank","href":"./NoiseMachines/rainyRiverbankSoundscapeGenerator.php","generatorType":"Atmospheres","categories":[{"id":"NB","name":"Noise Blocker"},{"id":"MN","name":"Meditation"}]},{"id":51,"name":"Nocturnal Garden","href":"./NoiseMachines/palmGardenAtNightSoundscapeGenerator.php","generatorType":"Atmospheres","categories":[{"id":"NB","name":"Noise Blocker"},{"id":"MN","name":"Meditation"}]},{"id":52,"name":"Binaural Beats","href":"./NoiseMachines/binauralBrainwaveGenerator.php","generatorType":"Brainwaves","categories":[{"id":"ST","name":"Sound Therapy"},{"id":"MN","name":"Meditation"},{"id":"HP","name":"Headphones"},{"id":"TN","name":"Tonal"}]},{"id":53,"name":"Isochronic Tones","href":"./NoiseMachines/isochronicBrainwaveGenerator.php","generatorType":"Brainwaves","categories":[{"id":"ST","name":"Sound Therapy"},{"id":"MN","name":"Meditation"},{"id":"TN","name":"Tonal"}]},{"id":54,"name":"Aural Scan","href":"./NoiseMachines/auralScannerNoiseGenerator.php","generatorType":"Brainwaves","categories":[{"id":"ST","name":"Sound Therapy"},{"id":"TN","name":"Tonal"},{"id":"CL","name":"Calibrated"},{"id":"HP","name":"Headphones"}]},{"id":55,"name":"Binaural Harmonics","href":"./NoiseMachines/pureBinauralBrainwaveGenerator.php","generatorType":"Brainwaves","categories":[{"id":"ST","name":"Sound Therapy"},{"id":"MN","name":"Meditation"},{"id":"HP","name":"Headphones"},{"id":"TN","name":"Tonal"}]},{"id":56,"name":"Bilateral Harmonics","href":"./NoiseMachines/bilateralBrainwaveGenerator.php","generatorType":"Brainwaves","categories":[{"id":"ST","name":"Sound Therapy"},{"id":"MN","name":"Meditation"},{"id":"HP","name":"Headphones"},{"id":"TN","name":"Tonal"}]},{"id":57,"name":"Solfeggio Tones","href":"./NoiseMachines/solfeggioTonesGenerator.php","generatorType":"Brainwaves","categories":[{"id":"ST","name":"Sound Therapy"}]},{"id":58,"name":"Neuromodulator","href":"./NoiseMachines/neuromodulationTonesGenerator.php","generatorType":"Brainwaves","categories":[{"id":"HC","name":"Health Care"},{"id":"HP","name":"Headphones"},{"id":"TN","name":"Tonal"}]},{"id":59,"name":"Shepard Madness","href":"./NoiseMachines/shepardAudioIllusionToneGenerator.php","generatorType":"Brainwaves","categories":[{"id":"EE","name":"Eerie"},{"id":"HP","name":"Headphones"}]},{"id":60,"name":"White Noise & Co.","href":"./NoiseMachines/whiteNoiseGenerator.php","generatorType":"Synthetic Noises","categories":[{"id":"NB","name":"Noise Blocker"},{"id":"HC","name":"Health Care"},{"id":"CL","name":"Calibrated"}]},{"id":61,"name":"Grey Noise","href":"./NoiseMachines/greyNoiseGenerator.php","generatorType":"Synthetic Noises","categories":[{"id":"NB","name":"Noise Blocker"},{"id":"HC","name":"Health Care"},{"id":"CL","name":"Calibrated"}]},{"id":62,"name":"Impulse Noise","href":"./NoiseMachines/impulseNoiseGenerator.php","generatorType":"Synthetic Noises","categories":[{"id":"NB","name":"Noise Blocker"},{"id":"HC","name":"Health Care"},{"id":"CL","name":"Calibrated"}]},{"id":63,"name":"Sweep Noise","href":"./NoiseMachines/sweepNoiseGenerator.php","generatorType":"Synthetic Noises","categories":[{"id":"NB","name":"Noise Blocker"},{"id":"HC","name":"Health Care"},{"id":"CL","name":"Calibrated"}]},{"id":64,"name":"Audio Jammer","href":"./NoiseMachines/audioJammerNoiseGenerator.php","generatorType":"Synthetic Noises","categories":[{"id":"NB","name":"Noise Blocker"},{"id":"CL","name":"Calibrated"}]},{"id":65,"name":"Circuit Bend","href":"./NoiseMachines/transistorRhythmGenerator.php","generatorType":"Synthetic Noises","categories":[{"id":"NB","name":"Noise Blocker"},{"id":"MU","name":"Musical"}]},{"id":66,"name":"Notch Noise","href":"./NoiseMachines/notchNoiseGenerator.php","generatorType":"Synthetic Noises","categories":[{"id":"TN","name":"Tonal"},{"id":"HC","name":"Health Care"},{"id":"CL","name":"Calibrated"}]},{"id":67,"name":"Peak Noise","href":"./NoiseMachines/peakNoiseGenerator.php","generatorType":"Synthetic Noises","categories":[{"id":"TN","name":"Tonal"},{"id":"HC","name":"Health Care"},{"id":"CL","name":"Calibrated"}]},{"id":68,"name":"White Bursts","href":"./NoiseMachines/whiteBurstsNoiseGenerator.php","generatorType":"Synthetic Noises","categories":[{"id":"HC","name":"Health Care"}]},{"id":69,"name":"Take It Easy","href":"./NoiseMachines/paulNagleSequenceGenerator.php","generatorType":"Patternscapes","categories":[{"id":"MU","name":"Musical"},{"id":"UFV","name":"Patron Favorite"},{"id":"UFV","name":"Patron Favorite"}]},{"id":70,"name":"Marimbas","href":"./NoiseMachines/benClarkMarimbaGenerator.php","generatorType":"Patternscapes","categories":[{"id":"MU","name":"Musical"}]},{"id":71,"name":"African Trance","href":"./NoiseMachines/polyrhythmBeatGenerator.php","generatorType":"Patternscapes","categories":[{"id":"MN","name":"Meditation"}]},{"id":72,"name":"Cave Chime","href":"./NoiseMachines/stalactitesCaveChimeSoundscapeGenerator.php","generatorType":"Patternscapes","categories":[{"id":"MN","name":"Meditation"},{"id":"ST","name":"Sound Therapy"},{"id":"TN","name":"Tonal"}]},{"id":73,"name":"Tuned Cave","href":"./NoiseMachines/contemplationCaveGenerator.php","generatorType":"Patternscapes","categories":[{"id":"TN","name":"Tonal"}]},{"id":74,"name":"Hydrogen XII","href":"./NoiseMachines/hydrogenSequenceGenerator.php","generatorType":"Patternscapes","categories":[{"id":"MU","name":"Musical"}]},{"id":75,"name":"Slow Motion","href":"./NoiseMachines/slowMotionSequenceGenerator.php","generatorType":"Patternscapes","categories":[{"id":"MU","name":"Musical"}]},{"id":76,"name":"Clockwork","href":"./NoiseMachines/clockTickTockNoiseGenerator.php","generatorType":"Patternscapes","categories":[{"id":"MN","name":"Meditation"}]},{"id":77,"name":"Code Breaker","href":"./NoiseMachines/codeBreakerNoiseGenerator.php","generatorType":"Patternscapes","categories":[{"id":"MN","name":"Meditation"},{"id":"TN","name":"Tonal"},{"id":"CL","name":"Calibrated"}]},{"id":78,"name":"Atomic City","href":"./NoiseMachines/atomicCitySequenceGenerator.php","generatorType":"Patternscapes","categories":[{"id":"MU","name":"Musical"}]},{"id":79,"name":"The Pilgrim","href":"./NoiseMachines/tongueDrumSoundscapeGenerator.php","generatorType":"Soundscapes","categories":[{"id":"MN","name":"Meditation"},{"id":"MU","name":"Musical"},{"id":"UFV","name":"Patron Favorite"},{"id":"UFV","name":"Patron Favorite"}]},{"id":80,"name":"88 Keys","href":"./NoiseMachines/acousticPianoSoundscapeGenerator.php","generatorType":"Soundscapes","categories":[{"id":"MU","name":"Musical"},{"id":"UFV","name":"Patron Favorite"},{"id":"UFV","name":"Patron Favorite"}]},{"id":81,"name":"Black Lodges","href":"./NoiseMachines/twinBlackLodgesSoundscapeGenerator.php","generatorType":"Soundscapes","categories":[{"id":"MN","name":"Meditation"},{"id":"TN","name":"Tonal"},{"id":"UFV","name":"Patron Favorite"},{"id":"UFV","name":"Patron Favorite"}]},{"id":82,"name":"Black Hole","href":"./NoiseMachines/intergalacticSoundscapeGenerator.php","generatorType":"Soundscapes","categories":[{"id":"MN","name":"Meditation"},{"id":"TN","name":"Tonal"},{"id":"UFV","name":"Patron Favorite"},{"id":"UFV","name":"Patron Favorite"}]},{"id":83,"name":"Now Loading...","href":"./NoiseMachines/loadingScreenSoundscapeGenerator.php","generatorType":"Soundscapes","categories":[{"id":"MU","name":"Musical"},{"id":"UFV","name":"Patron Favorite"},{"id":"UFV","name":"Patron Favorite"}]},{"id":84,"name":"Osmosis","href":"./NoiseMachines/osmosisDroneGenerator.php","generatorType":"Soundscapes","categories":[{"id":"MN","name":"Meditation"},{"id":"TN","name":"Tonal"},{"id":"CL","name":"Calibrated"}]},{"id":85,"name":"Cinematic East","href":"./NoiseMachines/cinematicEasternSoundscapeGenerator.php","generatorType":"Soundscapes","categories":[{"id":"MU","name":"Musical"}]},{"id":86,"name":"Implanted Memories","href":"./NoiseMachines/november2019SoundscapeGenerator.php","generatorType":"Soundscapes","categories":[{"id":"MU","name":"Musical"}]},{"id":87,"name":"Mr. Rhodes","href":"./NoiseMachines/rhodesSoundscapeGenerator.php","generatorType":"Soundscapes","categories":[{"id":"MN","name":"Meditation"},{"id":"TN","name":"Tonal"},{"id":"MU","name":"Musical"}]},{"id":88,"name":"Twilight","href":"./NoiseMachines/twilightSoundscapeGenerator.php","generatorType":"Soundscapes","categories":[{"id":"ST","name":"Sound Therapy"},{"id":"MN","name":"Meditation"},{"id":"TN","name":"Tonal"},{"id":"CL","name":"Calibrated"}]},{"id":89,"name":"Mermaids Calling","href":"./NoiseMachines/magicSirenSongGenerator.php","generatorType":"Magic Gens","categories":[{"id":"MN","name":"Meditation"},{"id":"MU","name":"Musical"}]},{"id":90,"name":"Rainy Days","href":"./NoiseMachines/magicRainyDaysGenerator.php","generatorType":"Magic Gens","categories":[{"id":"NB","name":"Noise Blocker"},{"id":"MN","name":"Meditation"}]},{"id":91,"name":"Zen Garden","href":"./NoiseMachines/magicMeditationGenerator.php","generatorType":"Magic Gens","categories":[{"id":"MN","name":"Meditation"}]},{"id":92,"name":"日本","href":"./NoiseMachines/magicJapanGenerator.php","generatorType":"Magic Gens","categories":[{"id":"MN","name":"Meditation"}]},{"id":93,"name":"Space Odyssey","href":"./NoiseMachines/magicSpaceGenerator.php","generatorType":"Magic Gens","categories":[{"id":"MN","name":"Meditation"},{"id":"TN","name":"Tonal"}]},{"id":94,"name":"Healing Voices","href":"./NoiseMachines/magicVoicesGenerator.php","generatorType":"Magic Gens","categories":[{"id":"MN","name":"Meditation"}]},{"id":95,"name":"Ocean Life","href":"./NoiseMachines/magicOceanGenerator.php","generatorType":"Magic Gens","categories":[{"id":"NB","name":"Noise Blocker"},{"id":"MN","name":"Meditation"}]},{"id":96,"name":"H2O","href":"./NoiseMachines/magicWaterGenerator.php","generatorType":"Magic Gens","categories":[{"id":"NB","name":"Noise Blocker"}]},{"id":97,"name":"Acoustic Experience","href":"./NoiseMachines/magicAcousticGenerator.php","generatorType":"Magic Gens","categories":[{"id":"TN","name":"Tonal"},{"id":"MU","name":"Musical"}]},{"id":98,"name":"Windy Day","href":"./NoiseMachines/magicWindGenerator.php","generatorType":"Magic Gens","categories":[{"id":"NB","name":"Noise Blocker"},{"id":"MN","name":"Meditation"}]},{"id":99,"name":"Gregorian Chants","href":"./NoiseMachines/gregorianChoirGenerator.php","generatorType":"Voices","categories":[{"id":"MN","name":"Meditation"},{"id":"TN","name":"Tonal"},{"id":"MU","name":"Musical"},{"id":"UFV","name":"Patron Favorite"},{"id":"UFV","name":"Patron Favorite"}]},{"id":100,"name":"In The Sky","href":"./NoiseMachines/enliaVocalSoundscape.php","generatorType":"Voices","categories":[{"id":"MN","name":"Meditation"},{"id":"TN","name":"Tonal"},{"id":"MU","name":"Musical"}]},{"id":101,"name":"Deep Chant","href":"./NoiseMachines/deepVoiceSoundscape.php","generatorType":"Voices","categories":[{"id":"MN","name":"Meditation"},{"id":"TN","name":"Tonal"},{"id":"MU","name":"Musical"}]},{"id":102,"name":"Chapel Voices","href":"./NoiseMachines/chapelVoicesSoundscape.php","generatorType":"Voices","categories":[{"id":"MN","name":"Meditation"},{"id":"TN","name":"Tonal"},{"id":"MU","name":"Musical"}]},{"id":103,"name":"Into Balance","href":"./NoiseMachines/elGreyVocalSoundscape.php","generatorType":"Voices","categories":[{"id":"MN","name":"Meditation"},{"id":"TN","name":"Tonal"},{"id":"MU","name":"Musical"}]},{"id":104,"name":"Yakutian Voices","href":"./NoiseMachines/zarinaKopyrinaVocalSoundscape.php","generatorType":"Voices","categories":[{"id":"MN","name":"Meditation"},{"id":"TN","name":"Tonal"},{"id":"MU","name":"Musical"}]},{"id":105,"name":"Huu Chant","href":"./NoiseMachines/huuVocalSoundscape.php","generatorType":"Voices","categories":[{"id":"MN","name":"Meditation"},{"id":"TN","name":"Tonal"},{"id":"MU","name":"Musical"}]},{"id":106,"name":"RPG Evil Charm","href":"./NoiseMachines/evilCharmRPGSoundscapeGenerator.php","generatorType":"Voices","categories":[{"id":"EE","name":"Eerie"}]},{"id":107,"name":"Himalayan Voices","href":"./NoiseMachines/himalayanVoicesSongGenerator.php","generatorType":"Voices","categories":[{"id":"MN","name":"Meditation"},{"id":"TN","name":"Tonal"},{"id":"MU","name":"Musical"}]},{"id":108,"name":"Buddhist Chants","href":"./NoiseMachines/buddhistTempleCeremonySoundscapeGenerator.php","generatorType":"Voices","categories":[{"id":"MN","name":"Meditation"},{"id":"TN","name":"Tonal"}]},{"id":109,"name":"Sleeping Dragon","href":"./NoiseMachines/sleepingDragonToneGenerator.php","generatorType":"Tonal Drones","categories":[{"id":"MN","name":"Meditation"},{"id":"TN","name":"Tonal"},{"id":"UFV","name":"Patron Favorite"},{"id":"UFV","name":"Patron Favorite"}]},{"id":110,"name":"Duduk Song","href":"./NoiseMachines/dudukSoundGenerator.php","generatorType":"Tonal Drones","categories":[{"id":"TN","name":"Tonal"},{"id":"MU","name":"Musical"},{"id":"UFV","name":"Patron Favorite"},{"id":"UFV","name":"Patron Favorite"}]},{"id":111,"name":"Anamnesis","href":"./NoiseMachines/anamnesisSoundscapeGenerator.php","generatorType":"Tonal Drones","categories":[{"id":"MN","name":"Meditation"},{"id":"TN","name":"Tonal"},{"id":"EE","name":"Eerie"},{"id":"UFV","name":"Patron Favorite"},{"id":"UFV","name":"Patron Favorite"}]},{"id":112,"name":"Singing Bowls","href":"./NoiseMachines/singingBowlsDroneGenerator.php","generatorType":"Tonal Drones","categories":[{"id":"MN","name":"Meditation"},{"id":"TN","name":"Tonal"}]},{"id":113,"name":"Tibetan Choir","href":"./NoiseMachines/throatSingingDroneGenerator.php","generatorType":"Tonal Drones","categories":[{"id":"MN","name":"Meditation"},{"id":"TN","name":"Tonal"},{"id":"CL","name":"Calibrated"}]},{"id":114,"name":"Canyon","href":"./NoiseMachines/canyonDroneGenerator.php","generatorType":"Tonal Drones","categories":[{"id":"MN","name":"Meditation"},{"id":"TN","name":"Tonal"},{"id":"CL","name":"Calibrated"},{"id":"MU","name":"Musical"}]},{"id":115,"name":"Aeternitas","href":"./NoiseMachines/infiniteChoirDroneGenerator.php","generatorType":"Tonal Drones","categories":[{"id":"MN","name":"Meditation"},{"id":"TN","name":"Tonal"}]},{"id":116,"name":"Northern Lights","href":"./NoiseMachines/northernLightsDroneGenerator.php","generatorType":"Tonal Drones","categories":[{"id":"MN","name":"Meditation"},{"id":"TN","name":"Tonal"},{"id":"CL","name":"Calibrated"}]},{"id":117,"name":"Orchestron","href":"./NoiseMachines/orchestronDroneGenerator.php","generatorType":"Tonal Drones","categories":[{"id":"MN","name":"Meditation"},{"id":"TN","name":"Tonal"}]},{"id":118,"name":"Ice World","href":"./NoiseMachines/iceDroneGenerator.php","generatorType":"Tonal Drones","categories":[{"id":"MN","name":"Meditation"},{"id":"TN","name":"Tonal"},{"id":"CL","name":"Calibrated"}]}]}}