{"listNames":["Natural Noises","Composite Gens","Transports","Industrial","Atmospheres","Brainwaves","Synthetic Noises","Patternscapes","Soundscapes","Internet Radios","Magic Gens","Voices","Tonal Drones"],"noiseMachineCategories":[{"id":"NB","name":"Noise Blocker"},{"id":"HC","name":"Health Care"},{"id":"ST","name":"Sound Therapy"},{"id":"MN","name":"Meditation"},{"id":"EE","name":"Eerie"},{"id":"TN","name":"Tonal"},{"id":"MU","name":"Musical"},{"id":"CL","name":"Calibrated"},{"id":"HP","name":"Headphones"},{"id":"UFV","name":"Patron Favorite"},{"id":"CU","name":"Custom"}],"noiseMachines":[{"id":0,"name":"Distant Thunder","href":"./NoiseMachines/thunderNoiseGenerator.php","generatorType":"Natural Noises","categories":[{"id":"MN","name":"Meditation"},{"id":"UFV","name":"Patron Favorite"},{"id":"UFV","name":"Patron Favorite"}],"title":"Distant Thunder"},{"id":1,"name":"Rain on a Tent","href":"./NoiseMachines/campingRainNoiseGenerator.php","generatorType":"Natural Noises","categories":[{"id":"NB","name":"Noise Blocker"},{"id":"MN","name":"Meditation"},{"id":"CL","name":"Calibrated"},{"id":"UFV","name":"Patron Favorite"},{"id":"UFV","name":"Patron Favorite"}],"title":"Rain on a Tent"},{"id":2,"name":"Fireplace","href":"./NoiseMachines/fireNoiseGenerator.php","generatorType":"Natural Noises","categories":[{"id":"NB","name":"Noise Blocker"},{"id":"MN","name":"Meditation"},{"id":"CL","name":"Calibrated"},{"id":"UFV","name":"Patron Favorite"},{"id":"UFV","name":"Patron Favorite"}],"title":"The Fireplace"},{"id":3,"name":"Irish Coast","href":"./NoiseMachines/windSeaRainNoiseGenerator.php","generatorType":"Natural Noises","categories":[{"id":"NB","name":"Noise Blocker"},{"id":"MN","name":"Meditation"},{"id":"UFV","name":"Patron Favorite"},{"id":"UFV","name":"Patron Favorite"}],"title":"Irish Coast"},{"id":4,"name":"Tin Roof Rain","href":"./NoiseMachines/tinRoofRainNoiseGenerator.php","generatorType":"Natural Noises","categories":[{"id":"NB","name":"Noise Blocker"},{"id":"MN","name":"Meditation"},{"id":"CL","name":"Calibrated"},{"id":"UFV","name":"Patron Favorite"},{"id":"UFV","name":"Patron Favorite"}],"title":"Tin Roof Rain"},{"id":5,"name":"Night Thunder","href":"./NoiseMachines/summerNightThunderNoiseGenerator.php","generatorType":"Natural Noises","categories":[{"id":"MN","name":"Meditation"},{"id":"UFV","name":"Patron Favorite"},{"id":"UFV","name":"Patron Favorite"}],"title":"Summer Night Thunder"},{"id":6,"name":"Rain Noise","href":"./NoiseMachines/rainNoiseGenerator.php","generatorType":"Natural Noises","categories":[{"id":"NB","name":"Noise Blocker"},{"id":"MN","name":"Meditation"},{"id":"CL","name":"Calibrated"},{"id":"UFV","name":"Patron Favorite"},{"id":"UFV","name":"Patron Favorite"}],"title":"Rain Noise"},{"id":7,"name":"White Rain","href":"./NoiseMachines/whiteRainNoiseGenerator.php","generatorType":"Natural Noises","categories":[{"id":"NB","name":"Noise Blocker"},{"id":"MN","name":"Meditation"},{"id":"CL","name":"Calibrated"},{"id":"UFV","name":"Patron Favorite"},{"id":"UFV","name":"Patron Favorite"}],"title":"White Rain"},{"id":8,"name":"Pebble Beach","href":"./NoiseMachines/pebbleBeachNoiseGenerator.php","generatorType":"Natural Noises","categories":[{"id":"NB","name":"Noise Blocker"},{"id":"MN","name":"Meditation"},{"id":"CL","name":"Calibrated"},{"id":"UFV","name":"Patron Favorite"},{"id":"UFV","name":"Patron Favorite"}],"title":"Pebble Beach"},{"id":9,"name":"Tropical Rain","href":"./NoiseMachines/tropicalRainNoiseGenerator.php","generatorType":"Natural Noises","categories":[{"id":"NB","name":"Noise Blocker"},{"id":"MN","name":"Meditation"},{"id":"CL","name":"Calibrated"},{"id":"UFV","name":"Patron Favorite"},{"id":"UFV","name":"Patron Favorite"}],"title":"Tropical Rain"},{"id":10,"name":"City Rain","href":"./NoiseMachines/customRainInTheCity.php","generatorType":"Composite Gens","categories":[{"id":"CU","name":"Custom"}],"title":"Rain in the City"},{"id":11,"name":"Electric Sheep","href":"./NoiseMachines/customElectricSheep.php","generatorType":"Composite Gens","categories":[{"id":"CU","name":"Custom"},{"id":"MU","name":"Musical"}],"title":"Electric Sheep"},{"id":12,"name":"Bad Weather","href":"./NoiseMachines/customStormy.php","generatorType":"Composite Gens","categories":[{"id":"CU","name":"Custom"}],"title":"Bad Weather"},{"id":13,"name":"Happy Place","href":"./NoiseMachines/customHappyPlace.php","generatorType":"Composite Gens","categories":[{"id":"CU","name":"Custom"},{"id":"MU","name":"Musical"}],"title":"Happy Place"},{"id":14,"name":"Drifting Away","href":"./NoiseMachines/customDriftingAway.php","generatorType":"Composite Gens","categories":[{"id":"CU","name":"Custom"},{"id":"MU","name":"Musical"}],"title":"Drifting Away"},{"id":15,"name":"Lonesome Traveler","href":"./NoiseMachines/customLonesomeTraveler.php","generatorType":"Composite Gens","categories":[{"id":"CU","name":"Custom"},{"id":"MU","name":"Musical"}],"title":"Lonesome Traveler"},{"id":16,"name":"Imaginary Reality","href":"./NoiseMachines/customWillink.php","generatorType":"Composite Gens","categories":[{"id":"CU","name":"Custom"},{"id":"MU","name":"Musical"}],"title":"Imaginary Reality"},{"id":17,"name":"Forest Breath","href":"./NoiseMachines/customForestBreath.php","generatorType":"Composite Gens","categories":[{"id":"CU","name":"Custom"}],"title":"Forest Breath"},{"id":18,"name":"Name of the Rose","href":"./NoiseMachines/customTheNameOfTheRose.php","generatorType":"Composite Gens","categories":[{"id":"CU","name":"Custom"}],"title":"The Name of the Rose"},{"id":19,"name":"Space Gazer","href":"./NoiseMachines/customSpaceGazer.php","generatorType":"Composite Gens","categories":[{"id":"CU","name":"Custom"},{"id":"MU","name":"Musical"}],"title":"Space Gazer"},{"id":20,"name":"how to program your own","href":"/NoiseMachines/custom.php?c=0&l=3136413136313636353500&am=1&m=SPACESHIP0~TORLEY30~MASVIDAL0~SPACESHIP1~TORLEY31~SPACESHIP2~TORLEY32~TORLEY33~TORLEY34~TORLEY37&d=0&title=Deep%20Space","generatorType":"Composite Gens","categories":[],"title":"Deep Space"},{"id":21,"name":"by other users","href":"/NoiseMachines/customsMadeByVisitors.php","generatorType":"Composite Gens","categories":[],"title":""},{"id":22,"name":"Railroads","href":"./NoiseMachines/railroadNoiseGenerator.php","generatorType":"Transports","categories":[{"id":"NB","name":"Noise Blocker"},{"id":"MN","name":"Meditation"},{"id":"CL","name":"Calibrated"},{"id":"UFV","name":"Patron Favorite"},{"id":"UFV","name":"Patron Favorite"}],"title":"Railroads"},{"id":23,"name":"Car Interior","href":"./NoiseMachines/carInteriorSoundscapeGenerator.php","generatorType":"Transports","categories":[{"id":"NB","name":"Noise Blocker"},{"id":"ST","name":"Sound Therapy"}],"title":"Car Interior"},{"id":24,"name":"Spaceship","href":"./NoiseMachines/spaceshipNoiseGenerator.php","generatorType":"Transports","categories":[{"id":"MN","name":"Meditation"},{"id":"ST","name":"Sound Therapy"},{"id":"TN","name":"Tonal"}],"title":"Warp Speed"},{"id":25,"name":"Flying Fortress","href":"./NoiseMachines/propellerNoiseGenerator.php","generatorType":"Transports","categories":[{"id":"NB","name":"Noise Blocker"},{"id":"HP","name":"Headphones"}],"title":"Flying Fortress"},{"id":26,"name":"Sailboat","href":"./NoiseMachines/squeakingSailboatSoundscapeGenerator.php","generatorType":"Transports","categories":[{"id":"NB","name":"Noise Blocker"},{"id":"MN","name":"Meditation"}],"title":"Anchored"},{"id":27,"name":"Aircraft Cabin","href":"./NoiseMachines/cabinNoiseGenerator.php","generatorType":"Transports","categories":[{"id":"NB","name":"Noise Blocker"},{"id":"HC","name":"Health Care"},{"id":"CL","name":"Calibrated"}],"title":"Aircraft Cabin Noise"},{"id":28,"name":"Tanker At Sea","href":"./NoiseMachines/roughSeaTankerCabinSoundscapeGenerator.php","generatorType":"Transports","categories":[{"id":"NB","name":"Noise Blocker"}],"title":"Tanker At Sea"},{"id":29,"name":"Ferryboat","href":"./NoiseMachines/ferryboatSoundscapeGenerator.php","generatorType":"Transports","categories":[{"id":"NB","name":"Noise Blocker"},{"id":"MN","name":"Meditation"}],"title":"En Route"},{"id":30,"name":"Airport Terminal","href":"./NoiseMachines/airportTerminalNoiseGenerator.php","generatorType":"Transports","categories":[{"id":"NB","name":"Noise Blocker"}],"title":"Terminal A"},{"id":31,"name":"Yacht","href":"./NoiseMachines/offshoreYachtSoundscapeGenerator.php","generatorType":"Transports","categories":[{"id":"NB","name":"Noise Blocker"}],"title":"Open Sea"},{"id":32,"name":"Data Center","href":"./NoiseMachines/dataCenterNoiseGenerator.php","generatorType":"Industrial","categories":[{"id":"NB","name":"Noise Blocker"},{"id":"HC","name":"Health Care"},{"id":"CL","name":"Calibrated"}],"title":"Data Center"},{"id":33,"name":"Laundromat","href":"./NoiseMachines/laundromatNoiseGenerator.php","generatorType":"Industrial","categories":[{"id":"NB","name":"Noise Blocker"}],"title":"Laundromat"},{"id":34,"name":"Vinyl Noise","href":"./NoiseMachines/dustyScratchedVinylNoiseGenerator.php","generatorType":"Industrial","categories":[{"id":"NB","name":"Noise Blocker"},{"id":"MU","name":"Musical"}],"title":"Dust 'n Scratches"},{"id":35,"name":"Fan Noise","href":"./NoiseMachines/fanNoiseGenerator.php","generatorType":"Industrial","categories":[{"id":"NB","name":"Noise Blocker"},{"id":"HC","name":"Health Care"},{"id":"CL","name":"Calibrated"}],"title":"Fan Noise"},{"id":36,"name":"Polders Windmill","href":"./NoiseMachines/windmillSoundscapeGenerator.php","generatorType":"Industrial","categories":[{"id":"NB","name":"Noise Blocker"}],"title":"Polders Windmill"},{"id":37,"name":"Steel Mill","href":"./NoiseMachines/steelMillNoiseGenerator.php","generatorType":"Industrial","categories":[{"id":"NB","name":"Noise Blocker"}],"title":"Steel Mill"},{"id":38,"name":"Fish Tank (US)","href":"./NoiseMachines/60HzFishTankNoiseGenerator.php","generatorType":"Industrial","categories":[{"id":"NB","name":"Noise Blocker"}],"title":"Fish Tank"},{"id":39,"name":"Factory","href":"./NoiseMachines/industrialRevolutionNoiseGenerator.php","generatorType":"Industrial","categories":[{"id":"NB","name":"Noise Blocker"}],"title":"Industrial Revolution"},{"id":40,"name":"Demolition Site","href":"./NoiseMachines/demolitionWorkNoiseGenerator.php","generatorType":"Industrial","categories":[{"id":"NB","name":"Noise Blocker"}],"title":"Demolition Site"},{"id":41,"name":"Fireworks","href":"./NoiseMachines/fireworksNoiseGenerator.php","generatorType":"Industrial","categories":[{"id":"NB","name":"Noise Blocker"}],"title":"Fireworks"},{"id":42,"name":"Japanese Garden","href":"./NoiseMachines/japaneseGardenSoundscapeGenerator.php","generatorType":"Atmospheres","categories":[{"id":"NB","name":"Noise Blocker"},{"id":"MN","name":"Meditation"},{"id":"UFV","name":"Patron Favorite"},{"id":"UFV","name":"Patron Favorite"}],"title":"Japanese Garden"},{"id":43,"name":"Cafe Restaurant","href":"./NoiseMachines/cafeRestaurantNoiseGenerator.php","generatorType":"Atmospheres","categories":[{"id":"NB","name":"Noise Blocker"},{"id":"MN","name":"Meditation"},{"id":"UFV","name":"Patron Favorite"},{"id":"UFV","name":"Patron Favorite"}],"title":"Cafe Restaurant"},{"id":44,"name":"Primeval Forest","href":"./NoiseMachines/primevalEuropeanForestSoundscapeGenerator.php","generatorType":"Atmospheres","categories":[{"id":"NB","name":"Noise Blocker"},{"id":"MN","name":"Meditation"},{"id":"UFV","name":"Patron Favorite"},{"id":"UFV","name":"Patron Favorite"}],"title":"Primeval Forest"},{"id":45,"name":"Autumn Walk","href":"./NoiseMachines/autumnWalkSoundscapeGenerator.php","generatorType":"Atmospheres","categories":[{"id":"MN","name":"Meditation"},{"id":"HP","name":"Headphones"},{"id":"UFV","name":"Patron Favorite"},{"id":"UFV","name":"Patron Favorite"}],"title":"Autumn Walk"},{"id":46,"name":"Church","href":"./NoiseMachines/churchAtmosphereSoundGenerator.php","generatorType":"Atmospheres","categories":[{"id":"MN","name":"Meditation"},{"id":"HP","name":"Headphones"},{"id":"UFV","name":"Patron Favorite"},{"id":"UFV","name":"Patron Favorite"}],"title":"Beatae Memoriae"},{"id":47,"name":"Japanese Oase","href":"./NoiseMachines/japaneseSuikinkutsuSoundscapeGenerator.php","generatorType":"Atmospheres","categories":[{"id":"NB","name":"Noise Blocker"},{"id":"MN","name":"Meditation"},{"id":"MU","name":"Musical"}],"title":"Japanese Oase"},{"id":48,"name":"Healing Water","href":"./NoiseMachines/healingWaterSoundscapeGenerator.php","generatorType":"Atmospheres","categories":[{"id":"NB","name":"Noise Blocker"},{"id":"MN","name":"Meditation"}],"title":"Healing Water"},{"id":49,"name":"RPG Medieval Village","href":"./NoiseMachines/medievalVillageSoundscapeGenerator.php","generatorType":"Atmospheres","categories":[{"id":"NB","name":"Noise Blocker"}],"title":"Medieval Village"},{"id":50,"name":"Rainy Riverbank","href":"./NoiseMachines/rainyRiverbankSoundscapeGenerator.php","generatorType":"Atmospheres","categories":[{"id":"NB","name":"Noise Blocker"},{"id":"MN","name":"Meditation"}],"title":"Rainy Riverbank"},{"id":51,"name":"Nocturnal Garden","href":"./NoiseMachines/palmGardenAtNightSoundscapeGenerator.php","generatorType":"Atmospheres","categories":[{"id":"NB","name":"Noise Blocker"},{"id":"MN","name":"Meditation"}],"title":"Nocturnal Garden"},{"id":52,"name":"Binaural Beats","href":"./NoiseMachines/binauralBrainwaveGenerator.php","generatorType":"Brainwaves","categories":[{"id":"ST","name":"Sound Therapy"},{"id":"MN","name":"Meditation"},{"id":"HP","name":"Headphones"},{"id":"TN","name":"Tonal"}],"title":"Binaural Beat Machine"},{"id":53,"name":"Isochronic Tones","href":"./NoiseMachines/isochronicBrainwaveGenerator.php","generatorType":"Brainwaves","categories":[{"id":"ST","name":"Sound Therapy"},{"id":"MN","name":"Meditation"},{"id":"TN","name":"Tonal"}],"title":"Isochronic Tones"},{"id":54,"name":"Aural Scan","href":"./NoiseMachines/auralScannerNoiseGenerator.php","generatorType":"Brainwaves","categories":[{"id":"ST","name":"Sound Therapy"},{"id":"TN","name":"Tonal"},{"id":"CL","name":"Calibrated"},{"id":"HP","name":"Headphones"}],"title":"Aural Scan"},{"id":55,"name":"Binaural Harmonics","href":"./NoiseMachines/pureBinauralBrainwaveGenerator.php","generatorType":"Brainwaves","categories":[{"id":"ST","name":"Sound Therapy"},{"id":"MN","name":"Meditation"},{"id":"HP","name":"Headphones"},{"id":"TN","name":"Tonal"}],"title":"Binaural Harmonics"},{"id":56,"name":"Bilateral Harmonics","href":"./NoiseMachines/bilateralBrainwaveGenerator.php","generatorType":"Brainwaves","categories":[{"id":"ST","name":"Sound Therapy"},{"id":"MN","name":"Meditation"},{"id":"HP","name":"Headphones"},{"id":"TN","name":"Tonal"}],"title":"Bilateral Harmonics"},{"id":57,"name":"Solfeggio Tones","href":"./NoiseMachines/solfeggioTonesGenerator.php","generatorType":"Brainwaves","categories":[{"id":"ST","name":"Sound Therapy"}],"title":"Solfeggio Tones"},{"id":58,"name":"Neuromodulator","href":"./NoiseMachines/neuromodulationTonesGenerator.php","generatorType":"Brainwaves","categories":[{"id":"HC","name":"Health Care"},{"id":"HP","name":"Headphones"},{"id":"TN","name":"Tonal"}],"title":"Neural Symphony"},{"id":59,"name":"Shepard Madness","href":"./NoiseMachines/shepardAudioIllusionToneGenerator.php","generatorType":"Brainwaves","categories":[{"id":"EE","name":"Eerie"},{"id":"HP","name":"Headphones"}],"title":"Shepard Madness"},{"id":60,"name":"White Noise & Co.","href":"./NoiseMachines/whiteNoiseGenerator.php","generatorType":"Synthetic Noises","categories":[{"id":"NB","name":"Noise Blocker"},{"id":"HC","name":"Health Care"},{"id":"CL","name":"Calibrated"}],"title":"White Noise & Co."},{"id":61,"name":"Grey Noise","href":"./NoiseMachines/greyNoiseGenerator.php","generatorType":"Synthetic Noises","categories":[{"id":"NB","name":"Noise Blocker"},{"id":"HC","name":"Health Care"},{"id":"CL","name":"Calibrated"}],"title":"Grey Noise"},{"id":62,"name":"Impulse Noise","href":"./NoiseMachines/impulseNoiseGenerator.php","generatorType":"Synthetic Noises","categories":[{"id":"NB","name":"Noise Blocker"},{"id":"HC","name":"Health Care"},{"id":"CL","name":"Calibrated"}],"title":"Impulse Noise"},{"id":63,"name":"Sweep Noise","href":"./NoiseMachines/sweepNoiseGenerator.php","generatorType":"Synthetic Noises","categories":[{"id":"NB","name":"Noise Blocker"},{"id":"HC","name":"Health Care"},{"id":"CL","name":"Calibrated"}],"title":"Sweep Noise"},{"id":64,"name":"Audio Jammer","href":"./NoiseMachines/audioJammerNoiseGenerator.php","generatorType":"Synthetic Noises","categories":[{"id":"NB","name":"Noise Blocker"},{"id":"CL","name":"Calibrated"}],"title":"Audio Jammer"},{"id":65,"name":"Circuit Bend","href":"./NoiseMachines/transistorRhythmGenerator.php","generatorType":"Synthetic Noises","categories":[{"id":"NB","name":"Noise Blocker"},{"id":"MU","name":"Musical"}],"title":"Circuit Bending"},{"id":66,"name":"Notch Noise","href":"./NoiseMachines/notchNoiseGenerator.php","generatorType":"Synthetic Noises","categories":[{"id":"TN","name":"Tonal"},{"id":"HC","name":"Health Care"},{"id":"CL","name":"Calibrated"}],"title":"Notch Noise"},{"id":67,"name":"Peak Noise","href":"./NoiseMachines/peakNoiseGenerator.php","generatorType":"Synthetic Noises","categories":[{"id":"TN","name":"Tonal"},{"id":"HC","name":"Health Care"},{"id":"CL","name":"Calibrated"}],"title":"Peak Noise"},{"id":68,"name":"White Bursts","href":"./NoiseMachines/whiteBurstsNoiseGenerator.php","generatorType":"Synthetic Noises","categories":[{"id":"HC","name":"Health Care"}],"title":"White Bursts"},{"id":69,"name":"Take It Easy","href":"./NoiseMachines/paulNagleSequenceGenerator.php","generatorType":"Patternscapes","categories":[{"id":"MU","name":"Musical"},{"id":"UFV","name":"Patron Favorite"},{"id":"UFV","name":"Patron Favorite"}],"title":"Take It Easy"},{"id":70,"name":"Marimbas","href":"./NoiseMachines/benClarkMarimbaGenerator.php","generatorType":"Patternscapes","categories":[{"id":"MU","name":"Musical"}],"title":"Marimbas"},{"id":71,"name":"African Trance","href":"./NoiseMachines/polyrhythmBeatGenerator.php","generatorType":"Patternscapes","categories":[{"id":"MN","name":"Meditation"}],"title":"African Trance"},{"id":72,"name":"Cave Chime","href":"./NoiseMachines/stalactitesCaveChimeSoundscapeGenerator.php","generatorType":"Patternscapes","categories":[{"id":"MN","name":"Meditation"},{"id":"ST","name":"Sound Therapy"},{"id":"TN","name":"Tonal"}],"title":"Cave Chime"},{"id":73,"name":"Tuned Cave","href":"./NoiseMachines/contemplationCaveGenerator.php","generatorType":"Patternscapes","categories":[{"id":"TN","name":"Tonal"}],"title":"Contemplation Cave"},{"id":74,"name":"Hydrogen XII","href":"./NoiseMachines/hydrogenSequenceGenerator.php","generatorType":"Patternscapes","categories":[{"id":"MU","name":"Musical"}],"title":"Hydrogen XII"},{"id":75,"name":"Slow Motion","href":"./NoiseMachines/slowMotionSequenceGenerator.php","generatorType":"Patternscapes","categories":[{"id":"MU","name":"Musical"}],"title":"Slow Motion"},{"id":76,"name":"Clockwork","href":"./NoiseMachines/clockTickTockNoiseGenerator.php","generatorType":"Patternscapes","categories":[{"id":"MN","name":"Meditation"}],"title":"Timemakers"},{"id":77,"name":"Code Breaker","href":"./NoiseMachines/codeBreakerNoiseGenerator.php","generatorType":"Patternscapes","categories":[{"id":"MN","name":"Meditation"},{"id":"TN","name":"Tonal"},{"id":"CL","name":"Calibrated"}],"title":"Code Breaker"},{"id":78,"name":"Atomic City","href":"./NoiseMachines/atomicCitySequenceGenerator.php","generatorType":"Patternscapes","categories":[{"id":"MU","name":"Musical"}],"title":"Atomic City"},{"id":79,"name":"The Pilgrim","href":"./NoiseMachines/tongueDrumSoundscapeGenerator.php","generatorType":"Soundscapes","categories":[{"id":"MN","name":"Meditation"},{"id":"MU","name":"Musical"},{"id":"UFV","name":"Patron Favorite"},{"id":"UFV","name":"Patron Favorite"}],"title":"The Pilgrim"},{"id":80,"name":"88 Keys","href":"./NoiseMachines/acousticPianoSoundscapeGenerator.php","generatorType":"Soundscapes","categories":[{"id":"MU","name":"Musical"},{"id":"UFV","name":"Patron Favorite"},{"id":"UFV","name":"Patron Favorite"}],"title":"88 Keys"},{"id":81,"name":"Black Lodges","href":"./NoiseMachines/twinBlackLodgesSoundscapeGenerator.php","generatorType":"Soundscapes","categories":[{"id":"MN","name":"Meditation"},{"id":"TN","name":"Tonal"},{"id":"UFV","name":"Patron Favorite"},{"id":"UFV","name":"Patron Favorite"}],"title":"Twin Black Lodges"},{"id":82,"name":"Black Hole","href":"./NoiseMachines/intergalacticSoundscapeGenerator.php","generatorType":"Soundscapes","categories":[{"id":"MN","name":"Meditation"},{"id":"TN","name":"Tonal"},{"id":"UFV","name":"Patron Favorite"},{"id":"UFV","name":"Patron Favorite"}],"title":"Black Hole"},{"id":83,"name":"Now Loading...","href":"./NoiseMachines/loadingScreenSoundscapeGenerator.php","generatorType":"Soundscapes","categories":[{"id":"MU","name":"Musical"},{"id":"UFV","name":"Patron Favorite"},{"id":"UFV","name":"Patron Favorite"}],"title":"Now Loading..."},{"id":84,"name":"Osmosis","href":"./NoiseMachines/osmosisDroneGenerator.php","generatorType":"Soundscapes","categories":[{"id":"MN","name":"Meditation"},{"id":"TN","name":"Tonal"},{"id":"CL","name":"Calibrated"}],"title":"Osmosis"},{"id":85,"name":"Cinematic East","href":"./NoiseMachines/cinematicEasternSoundscapeGenerator.php","generatorType":"Soundscapes","categories":[{"id":"MU","name":"Musical"}],"title":"Cinematic East"},{"id":86,"name":"Implanted Memories","href":"./NoiseMachines/november2019SoundscapeGenerator.php","generatorType":"Soundscapes","categories":[{"id":"MU","name":"Musical"}],"title":"Implanted Memories"},{"id":87,"name":"Mr. Rhodes","href":"./NoiseMachines/rhodesSoundscapeGenerator.php","generatorType":"Soundscapes","categories":[{"id":"MN","name":"Meditation"},{"id":"TN","name":"Tonal"},{"id":"MU","name":"Musical"}],"title":"Mr. Rhodes"},{"id":88,"name":"Twilight","href":"./NoiseMachines/twilightSoundscapeGenerator.php","generatorType":"Soundscapes","categories":[{"id":"ST","name":"Sound Therapy"},{"id":"MN","name":"Meditation"},{"id":"TN","name":"Tonal"},{"id":"CL","name":"Calibrated"}],"title":"Twilight"},{"id":89,"name":"Mermaids Calling","href":"./NoiseMachines/magicSirenSongGenerator.php","generatorType":"Magic Gens","categories":[{"id":"MN","name":"Meditation"},{"id":"MU","name":"Musical"}],"title":"Mermaids Calling"},{"id":90,"name":"Rainy Days","href":"./NoiseMachines/magicRainyDaysGenerator.php","generatorType":"Magic Gens","categories":[{"id":"NB","name":"Noise Blocker"},{"id":"MN","name":"Meditation"}],"title":"Rainy Days"},{"id":91,"name":"Zen Garden","href":"./NoiseMachines/magicMeditationGenerator.php","generatorType":"Magic Gens","categories":[{"id":"MN","name":"Meditation"}],"title":"Zen Garden"},{"id":92,"name":"日本","href":"./NoiseMachines/magicJapanGenerator.php","generatorType":"Magic Gens","categories":[{"id":"MN","name":"Meditation"}],"title":"日本"},{"id":93,"name":"Space Odyssey","href":"./NoiseMachines/magicSpaceGenerator.php","generatorType":"Magic Gens","categories":[{"id":"MN","name":"Meditation"},{"id":"TN","name":"Tonal"}],"title":"Space Odyssey"},{"id":94,"name":"Healing Voices","href":"./NoiseMachines/magicVoicesGenerator.php","generatorType":"Magic Gens","categories":[{"id":"MN","name":"Meditation"}],"title":"Healing Voices"},{"id":95,"name":"Ocean Life","href":"./NoiseMachines/magicOceanGenerator.php","generatorType":"Magic Gens","categories":[{"id":"NB","name":"Noise Blocker"},{"id":"MN","name":"Meditation"}],"title":"Calm Ocean"},{"id":96,"name":"H2O","href":"./NoiseMachines/magicWaterGenerator.php","generatorType":"Magic Gens","categories":[{"id":"NB","name":"Noise Blocker"}],"title":"H2O"},{"id":97,"name":"Acoustic Experience","href":"./NoiseMachines/magicAcousticGenerator.php","generatorType":"Magic Gens","categories":[{"id":"TN","name":"Tonal"},{"id":"MU","name":"Musical"}],"title":"Acoustic Experience"},{"id":98,"name":"Windy Day","href":"./NoiseMachines/magicWindGenerator.php","generatorType":"Magic Gens","categories":[{"id":"NB","name":"Noise Blocker"},{"id":"MN","name":"Meditation"}],"title":"Windy Day"},{"id":99,"name":"Gregorian Chants","href":"./NoiseMachines/gregorianChoirGenerator.php","generatorType":"Voices","categories":[{"id":"MN","name":"Meditation"},{"id":"TN","name":"Tonal"},{"id":"MU","name":"Musical"},{"id":"UFV","name":"Patron Favorite"},{"id":"UFV","name":"Patron Favorite"}],"title":"Gregorian Voices"},{"id":100,"name":"In The Sky","href":"./NoiseMachines/enliaVocalSoundscape.php","generatorType":"Voices","categories":[{"id":"MN","name":"Meditation"},{"id":"TN","name":"Tonal"},{"id":"MU","name":"Musical"}],"title":"In The Sky"},{"id":101,"name":"Deep Chant","href":"./NoiseMachines/deepVoiceSoundscape.php","generatorType":"Voices","categories":[{"id":"MN","name":"Meditation"},{"id":"TN","name":"Tonal"},{"id":"MU","name":"Musical"}],"title":"Deep Chant"},{"id":102,"name":"Chapel Voices","href":"./NoiseMachines/chapelVoicesSoundscape.php","generatorType":"Voices","categories":[{"id":"MN","name":"Meditation"},{"id":"TN","name":"Tonal"},{"id":"MU","name":"Musical"}],"title":"Chapel Voices"},{"id":103,"name":"Into Balance","href":"./NoiseMachines/elGreyVocalSoundscape.php","generatorType":"Voices","categories":[{"id":"MN","name":"Meditation"},{"id":"TN","name":"Tonal"},{"id":"MU","name":"Musical"}],"title":"Into Balance"},{"id":104,"name":"Yakutian Voices","href":"./NoiseMachines/zarinaKopyrinaVocalSoundscape.php","generatorType":"Voices","categories":[{"id":"MN","name":"Meditation"},{"id":"TN","name":"Tonal"},{"id":"MU","name":"Musical"}],"title":"Yakutian Voices"},{"id":105,"name":"Huu Chant","href":"./NoiseMachines/huuVocalSoundscape.php","generatorType":"Voices","categories":[{"id":"MN","name":"Meditation"},{"id":"TN","name":"Tonal"},{"id":"MU","name":"Musical"}],"title":"Huu Chant"},{"id":106,"name":"RPG Evil Charm","href":"./NoiseMachines/evilCharmRPGSoundscapeGenerator.php","generatorType":"Voices","categories":[{"id":"EE","name":"Eerie"}],"title":"Evil Charm"},{"id":107,"name":"Himalayan Voices","href":"./NoiseMachines/himalayanVoicesSongGenerator.php","generatorType":"Voices","categories":[{"id":"MN","name":"Meditation"},{"id":"TN","name":"Tonal"},{"id":"MU","name":"Musical"}],"title":"Himalayan Voices"},{"id":108,"name":"Buddhist Chants","href":"./NoiseMachines/buddhistTempleCeremonySoundscapeGenerator.php","generatorType":"Voices","categories":[{"id":"MN","name":"Meditation"},{"id":"TN","name":"Tonal"}],"title":"Buddhist Ceremony"},{"id":109,"name":"Sleeping Dragon","href":"./NoiseMachines/sleepingDragonToneGenerator.php","generatorType":"Tonal Drones","categories":[{"id":"MN","name":"Meditation"},{"id":"TN","name":"Tonal"},{"id":"UFV","name":"Patron Favorite"},{"id":"UFV","name":"Patron Favorite"}],"title":"Sleeping Dragon"},{"id":110,"name":"Duduk Song","href":"./NoiseMachines/dudukSoundGenerator.php","generatorType":"Tonal Drones","categories":[{"id":"TN","name":"Tonal"},{"id":"MU","name":"Musical"},{"id":"UFV","name":"Patron Favorite"},{"id":"UFV","name":"Patron Favorite"}],"title":"Duduk Song"},{"id":111,"name":"Anamnesis","href":"./NoiseMachines/anamnesisSoundscapeGenerator.php","generatorType":"Tonal Drones","categories":[{"id":"MN","name":"Meditation"},{"id":"TN","name":"Tonal"},{"id":"EE","name":"Eerie"},{"id":"UFV","name":"Patron Favorite"},{"id":"UFV","name":"Patron Favorite"}],"title":"Anamnesis"},{"id":112,"name":"Singing Bowls","href":"./NoiseMachines/singingBowlsDroneGenerator.php","generatorType":"Tonal Drones","categories":[{"id":"MN","name":"Meditation"},{"id":"TN","name":"Tonal"}],"title":"Singing Bowls"},{"id":113,"name":"Tibetan Choir","href":"./NoiseMachines/throatSingingDroneGenerator.php","generatorType":"Tonal Drones","categories":[{"id":"MN","name":"Meditation"},{"id":"TN","name":"Tonal"},{"id":"CL","name":"Calibrated"}],"title":"Tibetan Choir"},{"id":114,"name":"Canyon","href":"./NoiseMachines/canyonDroneGenerator.php","generatorType":"Tonal Drones","categories":[{"id":"MN","name":"Meditation"},{"id":"TN","name":"Tonal"},{"id":"CL","name":"Calibrated"},{"id":"MU","name":"Musical"}],"title":"Canyon"},{"id":115,"name":"Aeternitas","href":"./NoiseMachines/infiniteChoirDroneGenerator.php","generatorType":"Tonal Drones","categories":[{"id":"MN","name":"Meditation"},{"id":"TN","name":"Tonal"}],"title":"Aeternitas"},{"id":116,"name":"Northern Lights","href":"./NoiseMachines/northernLightsDroneGenerator.php","generatorType":"Tonal Drones","categories":[{"id":"MN","name":"Meditation"},{"id":"TN","name":"Tonal"},{"id":"CL","name":"Calibrated"}],"title":"Northern Lights"},{"id":117,"name":"Orchestron","href":"./NoiseMachines/orchestronDroneGenerator.php","generatorType":"Tonal Drones","categories":[{"id":"MN","name":"Meditation"},{"id":"TN","name":"Tonal"}],"title":"Orchestron"},{"id":118,"name":"Ice World","href":"./NoiseMachines/iceDroneGenerator.php","generatorType":"Tonal Drones","categories":[{"id":"MN","name":"Meditation"},{"id":"TN","name":"Tonal"},{"id":"CL","name":"Calibrated"}],"title":"Ice World"}]}